Heads,Months,Apr,May,June,July,Aug,Sep,Oct,Nov,Dec,Jan,Feb,Mar,Total
JOB WORK RECEIPTS,,"992,456,262","1,085,740,641","955,170,619","1,016,703,016","1,016,420,217","877,555,319","986,161,718","856,655,171","819,033,949","948,086,036","919,902,463","834,962,593","11,308,848,004"
     JOB WORK INCOME,,"992,456,262","1,085,740,641","955,170,619","1,016,703,016","1,016,420,217","877,555,319","986,161,718","856,655,171","819,033,949","948,086,036","919,902,463","834,962,593","11,308,848,004"
     LESS- EXPENSES OF JOBWORKS,,0,0,0,0,0,0,0,0,0,0,0,0,0
     LESS- NEWS PRINT OF JOBWORKS,,0,0,0,0,0,0,0,0,0,0,0,0,0
EVENT INCOME,,"1,000,000","1,000,000","2,000,000","3,000,000","3,000,000","3,000,000","3,000,000","2,000,000","2,000,000","2,000,000","2,000,000","2,000,000","26,000,000"
     GROSS INCOME FROM EVENTS,,"1,000,000","1,000,000","2,000,000","3,000,000","3,000,000","3,000,000","3,000,000","2,000,000","2,000,000","2,000,000","2,000,000","2,000,000","26,000,000"
     LESS: EXPENSES OF EVENTS,,0,0,0,0,0,0,0,0,0,0,0,0,0
SPECIAL PROJECT,,0,0,0,0,0,0,0,0,0,0,0,0,0
     SPECIAL PROJECT INCOME,,0,0,0,0,0,0,0,0,0,0,0,0,0
     LESS -  SPECIAL PROJECT EXPENSES,,0,0,0,0,0,0,0,0,0,0,0,0,0
OTHER INCOME,,"10,610,114","10,616,662","10,610,202","10,606,952","10,601,205","10,590,693","10,605,812","10,601,112","10,598,211","10,591,815","10,568,842","10,566,604","127,168,224"
     NON-NEWS PRINT WASTAGE SALE,,"8,255,992","8,262,540","8,256,080","8,252,830","8,247,083","8,236,571","8,251,690","8,246,990","8,244,089","8,237,693","8,214,720","8,212,462","98,918,740"
     INTEREST ON FD / SECURITY / DEPOSITS & OTHERS,,"1,477,177","1,477,177","1,477,177","1,477,177","1,477,177","1,477,177","1,477,177","1,477,177","1,477,177","1,477,177","1,477,177","1,477,197","17,726,144"
     BALANCES / PROVISION WRITTEN OFF,,0,0,0,0,0,0,0,0,0,0,0,0,0
     PROFIT / LOSS ON SALE OF ASSETS,,0,0,0,0,0,0,0,0,0,0,0,0,0
     OTHER MISC. INCOME,,"876,945","876,945","876,945","876,945","876,945","876,945","876,945","876,945","876,945","876,945","876,945","876,945","10,523,340"
TOTAL INCOME,,"1,004,066,376","1,097,357,303","967,780,821","1,030,309,968","1,030,021,422","891,146,012","999,767,530","869,256,283","831,632,160","960,677,851","932,471,305","847,529,197","11,462,016,228"
PRODUCTION EXPENSES,,"127,336,861","128,326,270","129,896,305","130,229,734","127,191,779","127,368,756","147,107,426","126,726,965","134,734,631","131,134,066","122,268,837","127,954,389","1,560,276,017"
A. PRODUCTION MATERIALS,,"86,588,824","89,277,862","89,450,073","91,388,523","88,929,817","88,685,954","101,406,106","87,451,597","92,923,008","90,834,456","85,420,856","90,537,833","1,082,894,909"
     INK CONSUMED,,"50,019,411","51,817,530","52,273,639","52,502,708","51,391,081","51,369,051","63,955,596","51,145,416","55,146,089","54,095,136","50,475,136","53,981,476","638,172,269"
     PLATE CONSUMED,,"26,089,376","26,822,489","26,186,475","27,115,127","26,085,951","26,016,092","26,059,639","25,776,683","27,057,045","26,104,257","24,497,419","25,935,061","313,745,614"
     FILM CONSUMED,,"197,378","205,501","197,378","205,501","189,255","197,378","205,501","181,132","205,501","189,255","181,132","197,378","2,352,290"
     LPF CONSUMED,,"296,260","305,660","296,650","306,800","296,650","295,300","288,470","296,650","305,660","296,450","276,560","288,670","3,549,780"
     TRACING PAPER CONSUMED,,"1,180","1,220","1,180","1,220","1,180","1,180","1,140","1,180","1,220","1,180","1,100","1,140","14,120"
     FOUNTAIN SOLUTION,,"1,974,990","2,021,798","1,980,886","2,020,653","1,996,316","1,992,912","2,086,936","1,981,510","2,032,593","1,972,442","1,895,042","1,991,986","23,948,064"
     OTHER PROD. MATL. CONS.,,"1,601,432","1,679,545","1,592,526","1,631,880","1,639,424","1,884,492","1,991,626","1,664,276","1,684,513","1,701,671","1,686,938","1,686,938","20,445,261"
     PACKING MATERIAL CONS. : POLYTHENES,,"47,700","59,600","592,624","1,164,156","931,423","583,317","379,650","23,010","26,950","23,200","22,220","31,720","3,885,570"
     PACKING MATERIAL CONS. : OTHERS,,"1,665,613","1,683,619","1,647,551","1,743,938","1,717,886","1,663,403","1,748,875","1,701,088","1,777,917","1,765,746","1,701,821","1,738,902","20,556,359"
     PRINTER TONNER CONS.-PROD,,"224,195","214,195","214,895","224,895","214,195","215,595","217,195","212,995","217,195","212,595","216,907","216,907","2,601,764"
     BLANKETS CONSUMED,,"3,092,505","3,087,921","3,087,485","3,092,861","3,087,672","3,088,450","3,092,694","3,088,873","3,089,541","3,093,740","3,087,797","3,088,871","37,078,410"
     RUBBER ROLLER MAINTENANCE,,"1,378,784","1,378,784","1,378,784","1,378,784","1,378,784","1,378,784","1,378,784","1,378,784","1,378,784","1,378,784","1,378,784","1,378,784","16,545,408"
B. POWER & FUEL,,"18,903,385","19,919,600","19,882,925","19,248,845","18,763,527","19,381,730","19,926,382","18,991,535","18,390,898","18,038,443","17,729,229","17,830,656","227,007,155"
     HEAT SET GAS,,"161,511","159,631","158,451","160,681","176,151","163,851","168,521","281,891","169,261","163,541","164,191","166,921","2,094,602"
     ELECTRICITY,,"17,248,775","18,312,926","18,057,264","17,581,084","17,202,317","17,853,369","18,401,534","17,440,569","16,967,500","16,564,236","16,251,905","16,350,602","208,232,081"
     D.G.: FUEL,,"1,493,099","1,447,043","1,667,210","1,507,080","1,385,059","1,364,510","1,356,327","1,269,075","1,254,137","1,310,666","1,313,133","1,313,133","16,680,472"
C. MACHINE MAINTENANCE,,"11,787,859","11,299,732","11,265,886","11,462,426","11,543,184","11,366,829","11,562,042","11,333,823","11,631,931","11,521,722","11,629,817","11,432,717","137,837,968"
     D.G.: MAINTENANCE,,"399,023","369,223","392,023","334,023","529,023","360,512","427,023","286,023","412,723","293,023","619,512","286,023","4,708,154"
     MULTI WASH / NOVA WASH / KEROCENE,,"1,985,704","2,010,401","1,966,451","2,014,546","1,945,186","1,929,801","1,980,849","1,911,526","2,027,175","1,925,640","1,875,992","1,982,683","23,555,954"
     DHOTIS / COTTON WASTE,,"738,541","742,003","738,054","745,514","724,708","706,025","726,248","708,352","754,111","725,137","706,391","736,089","8,751,173"
     REPAIR & MAINTENANCE(P&M),,"4,956,492","4,983,492","4,956,492","5,132,492","4,956,492","4,956,492","4,956,492","4,956,492","4,956,492","5,106,492","4,956,492","4,956,492","59,830,904"
     A.M.C. PLANT & MACHINERY,,"2,917,019","2,407,421","2,427,696","2,450,681","2,602,605","2,628,829","2,686,260","2,686,260","2,686,260","2,686,260","2,686,260","2,686,260","31,551,811"
     REPAIRS & MAINTENANCE(ELEC.),,"791,080","787,192","785,170","785,170","785,170","785,170","785,170","785,170","795,170","785,170","785,170","785,170","9,439,972"
D. LOADING UNLOADING & FREIGHT,,"2,622,001","2,616,551","2,612,001","2,638,300","2,625,819","2,642,769","2,703,919","2,622,119","2,615,569","2,636,119","2,602,319","2,623,819","31,561,305"
     FORK LIFT : FUEL,,"214,171","214,171","214,171","214,171","214,171","214,171","214,171","214,171","214,171","214,171","214,171","214,171","2,570,052"
     FORK LIFT : MAINTENANCE,,"301,432","291,432","291,432","301,681","291,729","291,729","301,729","291,729","291,729","301,729","291,729","291,729","3,539,809"
     LOADING & UNLOADING: NPRINT & CONS,,"961,142","961,142","961,142","963,642","966,413","966,413","972,963","966,413","966,413","966,413","966,413","966,413","11,584,922"
"     LOADING, UNLOADING & FREIGHT : SUPP.",,"1,145,256","1,149,806","1,145,256","1,158,806","1,153,506","1,170,456","1,215,056","1,149,806","1,143,256","1,153,806","1,130,006","1,151,506","13,866,522"
E. BINDING CHARGES,,"4,715,552","4,809,525","4,765,514","4,885,009","4,974,994","4,761,699","6,251,295","5,017,202","4,792,349","5,088,286","4,713,354","4,794,489","59,569,268"
     BINDING CHARGES - NEWSPAPER,,"3,577,668","3,637,613","3,643,613","3,663,586","3,752,742","3,665,791","3,886,795","3,706,683","3,672,424","3,709,104","3,664,793","3,687,973","44,268,785"
     BINDING CHARGES - MAGAZINES,,"485,958","490,638","482,397","569,118","578,174","495,870","627,590","520,348","499,842","768,020","472,560","481,775","6,472,290"
     BINDING CHARGES - OTHERS,,"651,926","681,274","639,504","652,305","644,078","600,038","1,736,910","790,171","620,083","611,162","576,001","624,741","8,828,193"
F. INHOUSE PRINTING CHARGES,,"-710,685","-1,227,832","-880,212","-906,568","-1,264,832","-986,187","-950,780","-1,076,619","-273,725","-949,245","-823,778","-858,627","-10,909,090"
     NEWS PAPER (IPC),,"1,996,521","1,967,570","1,906,692","2,005,710","2,023,563","2,003,905","1,878,655","2,092,597","2,163,667","2,045,262","1,943,273","2,061,558","24,088,973"
     CLUSTER (IPC),,"-2,391,374","-2,680,138","-2,262,477","-2,571,486","-2,519,151","-2,524,978","-2,540,631","-2,556,832","-2,684,289","-2,580,946","-2,447,096","-2,580,532","-30,339,930"
     MAGAZINES ( W/O   NEWSPRINT ) (IPC),,"72,214","72,104","72,292","88,848","72,821","73,278","73,168","57,774","74,620","91,979","74,789","74,975","898,862"
     BAL / YOUNG BHASKAR (IPC),,"-434,546","-443,165","-462,828","-454,079","-434,425","-448,362","-508,472","-442,860","-457,107","-449,156","-441,244","-461,128","-5,437,372"
     SPL. SUPPLEMENTS / PULL OUTS (IPC),,"46,500","-144,203","-133,891","24,439","-407,640","-90,030","146,500","-227,298","629,384","-56,384","46,500","46,500","-119,623"
G. OUTSIDE PRINTING CHARGES,,"3,429,924","1,630,832","2,800,118","1,513,199","1,619,270","1,515,962","6,208,462","2,387,308","4,654,601","3,964,285","997,039","1,593,502","32,314,502"
     NEWS PAPER (OPC),,"502,249","864,343","502,249","516,589","485,138","501,457","1,351,866","485,507","519,360","485,138","468,027","501,866","7,183,789"
     CLUSTER (OPC),,0,0,0,0,0,0,0,0,0,0,0,0,0
     MAGAZINES ( W/O   NEWSPRINT ) (OPC),,"282,087","292,142","283,007","325,923","301,158","285,703","297,343","255,813","286,823","348,008","286,823","297,343","3,542,173"
     BAL / YOUNG BHASKAR (OPC),,0,0,0,0,0,0,0,0,0,0,0,0,0
     SPL. SUPPLEMENTS / PULL OUTS (OPC),,"2,645,588","474,347","2,014,862","670,687","832,974","728,802","4,559,253","1,645,988","3,848,418","3,131,139","242,189","794,293","21,588,540"
NEWS EXPENSES,,"11,340,977","11,158,360","11,157,515","11,273,427","11,189,415","11,213,465","11,196,965","11,190,915","11,214,875","11,195,815","11,195,815","11,195,815","134,523,359"
A. AGENCY PAYMENTS,,"3,546,713","3,363,251","3,363,251","3,453,663","3,369,651","3,383,151","3,377,201","3,371,151","3,393,111","3,376,051","3,376,051","3,376,051","40,749,296"
     UNI,,"84,422","84,422","84,422","84,422","84,422","84,422","84,422","84,422","84,422","84,422","84,422","84,422","1,013,064"
     PTI,,"2,783,472","2,783,471","2,783,471","2,789,871","2,789,871","2,789,871","2,789,871","2,789,871","2,789,871","2,796,271","2,796,271","2,796,271","33,478,453"
     INS,,"169,461","16,625","16,625","16,625","16,625","16,625","16,625","16,625","16,625","16,625","16,625","16,625","352,336"
     AP,,"275,353","275,353","275,353","275,353","275,353","275,353","275,353","275,353","275,353","275,353","275,353","275,353","3,304,236"
     AFP,,"112,700","112,700","112,700","112,700","112,700","112,700","112,700","112,700","112,700","112,700","112,700","112,700","1,352,400"
     OTHER AGENCIES,,"121,305","90,680","90,680","174,692","90,680","104,180","98,230","92,180","114,140","90,680","90,680","90,680","1,248,807"
B. NEWS EXPENSES - NEWSPAPER,,"6,004,140","6,004,140","6,004,140","6,029,640","6,029,640","6,029,640","6,029,640","6,029,640","6,029,640","6,029,640","6,029,640","6,029,640","72,279,180"
     PAYMENT FOR ARTICLES & WRITE-UPS (NP),,"2,564,931","2,564,931","2,564,931","2,567,431","2,567,431","2,567,431","2,567,431","2,567,431","2,567,431","2,567,431","2,567,431","2,567,431","30,801,672"
     PAYMENT FOR PHOTOGRAPHS (NP),,"603,827","603,827","603,827","626,827","626,827","626,827","626,827","626,827","626,827","626,827","626,827","626,827","7,452,924"
     PAYMENT TO STRINGERS/CORRESPONDANTS (NP),,"2,835,382","2,835,382","2,835,382","2,835,382","2,835,382","2,835,382","2,835,382","2,835,382","2,835,382","2,835,382","2,835,382","2,835,382","34,024,584"
C.NEWS EXP. - MAGAZINES / SUPP.,,"110,000","110,000","110,000","110,000","110,000","110,000","110,000","110,000","110,000","110,000","110,000","110,000","1,320,000"
     PAYMENT FOR ARTICLES & WRITE-UPS (Mag),,"110,000","110,000","110,000","110,000","110,000","110,000","110,000","110,000","110,000","110,000","110,000","110,000","1,320,000"
     PAYMENT FOR PHOTOGRAPHS (Mag),,0,0,0,0,0,0,0,0,0,0,0,0,0
D.OTHER NEWS EXPENSES,,"1,680,124","1,680,969","1,680,124","1,680,124","1,680,124","1,690,674","1,680,124","1,680,124","1,682,124","1,680,124","1,680,124","1,680,124","20,174,883"
     PRIZES OF QUIZ / CONTESTS,,"11,200","11,200","11,200","11,200","11,200","11,200","11,200","11,200","11,200","11,200","11,200","11,200","134,400"
     SPECIAL PULLOUT MAKING CHARGES,,"1,626,556","1,626,556","1,626,556","1,626,556","1,626,556","1,626,556","1,626,556","1,626,556","1,626,556","1,626,556","1,626,556","1,626,556","19,518,672"
     OTHER MISC. EXP.,,"42,368","43,213","42,368","42,368","42,368","52,918","42,368","42,368","44,368","42,368","42,368","42,368","521,811"
PERSONNEL COST,,"235,410,610","227,876,391","230,194,157","227,670,952","228,147,358","230,729,577","229,049,947","229,067,964","230,010,897","229,007,147","228,273,469","229,803,088","2,755,241,557"
A. SALARY (Ref. Salary Budget),,"212,471,503","212,591,695","213,251,327","213,729,689","213,736,463","213,736,463","213,736,463","213,736,463","213,736,463","213,736,463","213,736,463","213,736,463","2,561,935,918"
"     MANAGEMENT, HR & ADMIN.",,"7,081,146","7,081,146","7,099,485","7,090,366","7,090,366","7,090,366","7,090,366","7,090,366","7,090,366","7,090,366","7,090,366","7,090,366","85,075,071"
     MARKETING,,"33,466,629","33,466,629","33,466,629","33,466,629","33,466,629","33,466,629","33,466,629","33,466,629","33,466,629","33,466,629","33,466,629","33,466,629","401,599,548"
     AD. SCHEDULING,,"6,678,649","6,678,649","6,678,649","6,678,649","6,678,649","6,678,649","6,678,649","6,678,649","6,678,649","6,678,649","6,678,649","6,678,649","80,143,788"
     S.M.D. & DESPATCH,,"13,527,317","13,527,317","13,527,317","13,527,317","13,527,317","13,527,317","13,527,317","13,527,317","13,527,317","13,527,317","13,527,317","13,527,317","162,327,804"
     EDITORIAL,,"66,347,353","66,326,734","66,986,754","66,773,411","66,773,411","66,773,411","66,773,411","66,773,411","66,773,411","66,773,411","66,773,411","66,773,411","800,621,540"
     PRODUCTION,,"36,047,824","36,047,824","36,047,824","36,047,824","36,047,824","36,047,824","36,047,824","36,047,824","36,047,824","36,047,824","36,047,824","36,047,824","432,573,888"
"     ACCOUNTS, A.B.R. & STORES",,"12,509,775","12,509,775","12,509,775","12,509,775","12,509,775","12,509,775","12,509,775","12,509,775","12,509,775","12,509,775","12,509,775","12,509,775","150,117,300"
     CASUAL / VOUCHER PAYMENTS,,"867,874","867,874","867,874","867,874","867,874","867,874","867,874","867,874","867,874","867,874","867,874","867,874","10,414,488"
"     RETAINERSHIP / ADVISORS' PAYMENT",,"5,830,336","5,971,147","5,921,411","6,217,750","6,224,524","6,224,524","6,224,524","6,224,524","6,224,524","6,224,524","6,224,524","6,224,524","73,736,836"
"     TRAINEES' STIPEND",,0,0,0,0,0,0,0,0,0,0,0,0,0
     STATE OFFICE SALARY (SHARE),,"10,965,904","10,965,904","10,965,904","10,965,904","10,965,904","10,965,904","10,965,904","10,965,904","10,965,904","10,965,904","10,965,904","10,965,904","131,590,848"
     TBA,,"7,737,756","7,737,756","7,737,756","8,154,423","8,154,423","8,154,423","8,154,423","8,154,423","8,154,423","8,154,423","8,154,423","8,154,423","96,603,075"
     RESPONSE,,"3,840,417","3,840,417","3,840,417","3,840,417","3,840,417","3,840,417","3,840,417","3,840,417","3,840,417","3,840,417","3,840,417","3,840,417","46,085,004"
     MOBILE (Fixed & Actual Both),,0,0,0,0,0,0,0,0,0,0,0,0,0
"     VEHICLE FUEL, MAINT. & INS.(Actual only)",,"3,000","3,000","3,000","3,000","3,000","3,000","3,000","3,000","3,000","3,000","3,000","3,000","36,000"
     ANNUAL BENEFITS (April),,"80,844","80,844","80,844","80,844","80,844","80,844","80,844","80,844","80,844","80,844","80,844","80,844","970,128"
     BONUS / EX-GRATIA (Diwali),,"7,486,679","7,486,679","7,517,688","7,505,506","7,505,506","7,505,506","7,505,506","7,505,506","7,505,506","7,505,506","7,505,506","7,505,506","90,040,600"
B. STAFF WELFARE EXPENSES,,"3,924,210","4,869,491","4,766,119","3,813,410","3,994,239","3,917,089","4,448,677","3,877,894","3,855,813","3,862,858","3,808,913","3,814,342","48,953,055"
     CANTEEN & PANTRY EXP,,"2,824,797","2,807,284","2,838,610","2,842,280","3,025,042","2,858,506","3,365,576","2,847,584","2,853,260","2,859,121","2,812,847","2,812,925","34,747,832"
     MEDICAL EXP. (Other than Mediclaim),,"29,530","29,530","29,530","29,530","29,530","29,530","29,530","29,530","29,530","29,530","29,530","29,530","354,360"
"     MEDICLAIM POLICY'S PREMIUM",,"2,884","-2,884",0,0,0,0,"18,404","18,404","18,404","18,404","2,884","2,884","79,384"
     CONTRIBUTION TO AAPAT NIDHI,,"502,600","502,730","503,230","503,330","503,330","503,330","503,330","503,330","503,330","503,330","503,330","503,330","6,038,530"
     UNIFORMS,,"73,525","1,094,325","973,285","32,025","32,025","32,025","32,025","32,025","32,025","32,025","32,025","32,025","2,429,360"
     TEMPLE / POOJA EXP.,,"277,151","218,821","215,692","211,523","209,590","298,976","283,990","237,399","214,642","218,026","233,575","233,926","2,853,311"
     OTHER STAFF WELFARE EXP.,,"213,723","219,685","205,772","194,722","194,722","194,722","215,822","209,622","204,622","202,422","194,722","199,722","2,450,278"
C. RECRUITMENT & TRAINING,,"3,006,073","1,580,573","1,692,973","1,629,473","1,574,073","1,576,673","1,657,573","1,674,073","2,004,473","1,663,573","2,228,473","1,334,073","21,622,076"
     RECRUITMENT EXP.,,"151,190","21,190","141,190","21,190","21,190","21,190","21,190","21,190","21,190","21,190","21,190","21,190","504,280"
"     EMPLOYEES' TRANSFER EXP.",,"1,152,834","357,834","357,834","357,834","357,834","357,834","357,834","357,834","357,834","357,834","357,834","357,834","5,089,008"
     JOINING EXP. (New Employees Joining Exp.),,"469,419","193,419","193,419","193,419","193,419","193,419","193,419","193,419","193,419","193,419","193,419","193,419","2,597,028"
     HR ACTIVITIES/ EVENT,,"862,697","750,197","732,597","699,097","743,697","736,297","727,197","843,697","1,164,097","733,197","1,398,097","493,697","9,884,564"
     STAFF TRAINING & DEVELOPMENT EXP.,,"193,883","181,883","191,883","181,883","181,883","191,883","181,883","181,883","191,883","181,883","181,883","191,883","2,234,596"
     REWARD & RECOGNITION,,"176,050","76,050","76,050","176,050","76,050","76,050","176,050","76,050","76,050","176,050","76,050","76,050","1,312,600"
D. OTHER SALARY PAYMENTS,,"10,654,726","3,717,688","3,259,802","3,257,978","3,432,431","3,293,314","3,257,978","3,267,978","3,257,978","3,257,978","3,291,557","3,291,557","47,240,965"
     LEAVE ENCASHMENT,,"7,379,780","438,526",0,0,0,0,0,0,0,0,0,0,"7,818,306"
     GRATUITY,,"17,668","21,202",0,0,"174,453","35,336",0,0,0,0,"33,579","33,579","315,817"
     FRINGE BENEFIT TAX (FBT),,0,0,0,0,0,0,0,0,0,0,0,0,0
     OVERTIME PAYMENTS,,"211,660","211,660","211,660","211,660","211,660","211,660","211,660","221,660","211,660","211,660","211,660","211,660","2,549,920"
     E.S.I. CONTRIBUTION OF EMPLOYER,,"2,168,643","2,169,325","2,170,387","2,169,343","2,169,343","2,169,343","2,169,343","2,169,343","2,169,343","2,169,343","2,169,343","2,169,343","26,032,442"
     P.F. ADMIN & EDLI CHARGES,,"876,975","876,975","877,755","876,975","876,975","876,975","876,975","876,975","876,975","876,975","876,975","876,975","10,524,480"
E. INCENTIVES,,"5,354,098","5,116,944","7,223,936","5,240,402","5,410,152","8,206,038","5,949,256","6,511,556","7,156,170","6,486,275","5,208,063","7,626,653","75,489,543"
     INCENTIVE FOR ADVT. BILLING,,"3,849,632","3,937,337","4,293,436","3,839,796","4,198,552","6,024,767","4,514,244","5,297,567","4,981,159","4,953,610","3,999,456","4,372,366","54,261,922"
     INCENTIVE FOR ADVT. RECOVERY,,"374,206","363,413","377,900","378,412","370,090","380,163","392,958","387,966","378,412","393,412","378,413","378,413","4,553,758"
     INCENTIVE FOR CIRC. RECOVERY,,"50,600","13,600","16,100","13,600","13,529","13,600","14,021","13,600","13,600","20,207","13,600","13,600","209,657"
     INCENTIVE FOR WASTAGE CONTROL,,"158,782","147,782","175,310","158,782","151,257","177,515","156,223","142,959","179,782","215,517","147,782","179,782","1,991,473"
     EDITORIAL INCENTIVES,,"581,623","401,498","734,449","596,498","371,858","747,749","635,998","416,498","722,751","648,010","416,498","747,748","7,021,178"
     OTHER INCENTIVES,,"339,255","253,314","1,626,741","253,314","304,866","862,244","235,812","252,966","880,466","255,519","252,314","1,934,744","7,451,555"
OFFICE & ADMIN EXPENSES,,"55,060,408","54,657,298","55,044,888","54,376,695","53,894,768","53,747,932","55,139,254","52,331,397","52,446,863","51,901,491","52,010,779","53,517,001","644,128,775"
     MAIN OFFICE / PRESS RENT,,"14,038,341","14,142,654","14,468,300","14,956,315","14,836,854","14,862,581","15,021,746","15,071,103","15,075,503","15,117,468","15,200,464","15,210,292","178,001,621"
     GODOWN RENT,,"330,632","330,632","330,632","330,872","330,872","330,872","330,872","333,272","333,272","333,272","333,272","354,398","4,002,870"
     CITY OFFICE / SUB CENTRE RENT,,"1,478,566","1,483,725","1,494,978","1,498,740","1,498,740","1,498,740","1,504,705","1,510,670","1,510,670","1,510,670","1,510,670","1,510,670","18,011,544"
     POSTAGE & COURIER,,"686,687","686,687","686,687","686,687","686,687","686,687","686,687","697,687","686,687","686,687","686,687","686,687","8,251,244"
     TELEPHONE : LANDLINE,,"796,993","772,293","891,796","786,993","786,993","786,993","786,993","786,993","786,993","786,993","786,993","786,993","9,544,019"
     EPABX MOBILE: FCT,,"10,425","10,425","10,425","10,425","10,425","10,425","10,425","10,425","10,425","10,425","10,425","10,425","125,100"
     INTERNET EXP.,,"705,898","717,918","705,898","717,918","705,898","705,898","705,898","705,898","705,898","705,898","705,898","705,898","8,494,816"
     LEASELINE EXP.,,"949,098","949,098","949,098","949,098","949,098","949,098","949,098","949,098","949,098","949,098","949,098","949,098","11,389,176"
     PRINTING & STATIONERY,,"1,348,568","1,315,554","1,339,559","1,349,136","1,304,136","1,304,136","1,349,136","1,304,136","1,304,136","1,349,136","1,304,136","1,304,136","15,875,905"
     PHOTOCOPY EXP.,,"58,843","58,843","61,400","61,343","61,343","61,343","61,343","61,343","61,343","61,343","61,343","61,343","731,173"
     PRINTER TONNER: OFFICE,,"248,744","238,794","238,794","238,794","238,794","238,794","238,794","238,794","238,794","238,794","238,794","238,794","2,875,478"
     TRAVELLING EXP.,,"6,601,607","6,718,725","6,957,474","6,922,952","6,889,476","6,782,670","6,880,384","6,913,384","6,941,015","7,063,108","7,002,289","6,695,693","82,368,777"
     TAXI / STAFF BUS HIRING CHARGES,,"1,046,895","1,083,764","1,064,210","1,060,465","1,064,548","1,065,516","1,064,548","1,064,578","1,064,668","1,064,668","1,065,159","1,065,159","12,774,178"
     CONVEYANCE - OTHER THAN SALARY,,"523,686","523,686","523,686","523,686","523,686","523,686","523,686","523,686","523,686","523,686","523,686","523,686","6,284,232"
     GUEST HOUSE EXP.,,"449,450","450,586","456,021","453,839","454,037","454,551","455,222","453,836","444,702","455,079","456,162","456,162","5,439,647"
     SECURITY EXP.,,"3,839,629","3,847,874","3,875,667","3,859,606","3,864,827","3,862,017","3,872,444","3,866,380","3,872,444","3,875,084","3,856,891","3,875,084","46,367,947"
     HOUSEKEEPING EXP.,,"4,598,381","4,589,891","4,626,670","4,614,199","4,612,352","4,603,238","4,632,703","4,609,833","4,624,126","4,631,796","4,596,220","4,624,926","55,364,335"
     GARDENING EXP.,,"130,155","130,155","131,355","130,155","130,155","130,155","130,155","130,155","130,155","130,155","130,155","130,155","1,563,060"
     WATER EXP.,,"306,786","305,742","323,280","314,333","303,290","304,546","304,900","305,126","305,900","304,121","305,982","307,752","3,691,758"
     REPAIR & MAINT. (BUILDING),,"2,454,442","435,779","490,988","425,929","421,929","422,429","436,929","421,929","422,429","425,929","421,929","422,429","7,203,070"
     REPAIR & MAINT. (COMPUTER & UPS),,"522,144","430,194","640,094","431,694","446,094","432,194","522,094","431,694","446,594","431,694","479,694","478,994","5,693,178"
     REPAIR & MAINT. (OFFICE EQUIP. & OTHERS),,"367,239","375,202","372,173","367,239","394,309","367,739","367,239","367,239","370,739","367,239","367,239","367,739","4,451,335"
     REPAIR & MAINT. (VEH. OTHER THAN EMP.),,"313,497","313,497","313,497","383,497","313,497","313,497","313,497","313,497","313,497","313,497","313,497","459,197","3,977,664"
     A.M.C. COMPUTER & OFFICE EQUIPMENTS,,"1,388,646","1,385,846","1,385,846","1,383,510","1,372,347","1,372,353","1,372,353","1,372,353","1,372,353","1,372,353","1,372,353","1,372,359","16,522,672"
     LEGAL & PROFESSIONAL: FEES,,"384,424","362,104","414,379","372,804","362,804","377,529","396,304","381,969","435,029","393,104","371,804","452,604","4,704,858"
     LEGAL & PROFESSIONAL: EXP.,,"249,739","254,239","249,439","249,439","249,239","253,439","249,239","249,439","277,596","249,239","252,439","249,439","3,032,925"
     LEASE RENT & PROPERTY TAX,,"113,538","383,168","113,538","160,085","113,538","113,538","120,086","113,538","128,414","113,538","139,788","775,156","2,387,925"
     OTHER TAXES & DUTIES,,"760,538","763,821","795,619","795,619","795,619","834,619","850,452","872,952","850,452","850,452","850,452","850,452","9,871,047"
"     NEWSPAPER, BOOKS & PERIODICALS : OFFICE",,"290,688","290,688","291,063","291,288","291,138","291,188","291,058","291,188","291,258","291,188","291,058","291,188","3,492,991"
     MEETING & CONFERENCE EXP.,,"670,666","670,666","670,666","670,666","670,666","670,666","670,666","670,666","670,666","670,666","670,666","670,666","8,047,992"
     FOUNDATION / ANNUAL DAY EXP.,,"366,570","533,000","325,000","352,000","669,539","449,656","481,483","164,249","1,066,590","657,000","101,175","227,370","5,393,632"
     DIWALI EXP.,,"16,000",0,0,"17,500",0,"71,000","1,078,302","20,100",0,0,"5,100",0,"1,208,002"
     CONT.TO D.P.AGARWAL CHARITABLE TRUST,,"1,310,000","1,310,000","1,310,000","1,310,000","1,310,000","1,310,000","1,310,000","1,310,000","1,310,000","1,310,000","1,310,000","1,310,000","15,720,000"
"     CHARITY, DONATION & SOCIAL WELFARE",,"81,600","81,600","81,600","81,600","81,600","81,600","81,600","86,700","81,600","81,600","81,600","81,600","984,300"
     OTHER OFFICE EXP.,,"107,162","104,909","104,969","105,909","105,909","105,909","105,909","105,909","105,909","105,909","105,909","105,909","1,270,221"
     ELECTRICITY EXP. OFFICE,,"6,994,355","8,115,563","7,852,811","6,995,584","6,526,253","6,628,954","6,460,328","5,132,602","4,241,246","3,956,126","4,631,276","5,413,072","72,948,171"
     DG  EXP. OFFICE,,"499,743","469,943","477,243","496,743","498,043","469,143","501,943","468,943","472,943","494,443","500,443","470,943","5,820,516"
     REPAIR & MAINTENANCE (ELEC.) OFFICE,,"20,033","20,033","20,033","20,033","20,033","20,533","20,033","20,033","20,033","20,033","20,033","20,533","241,396"
S.M.D. EXPENSES,,"23,981,382","24,035,261","23,962,797","24,046,108","24,082,191","23,938,213","24,507,753","24,112,325","24,071,424","23,933,274","23,764,127","23,960,799","288,395,654"
A. DISTRIBUTION EXP.,,"22,941,955","22,994,033","22,937,739","23,033,783","23,070,366","22,925,988","23,491,131","23,070,022","23,040,471","22,893,872","22,738,544","22,935,416","276,073,320"
     CIRCULATION JEEP EXP.,,"20,469,575","20,525,101","20,472,680","20,561,146","20,604,901","20,456,274","21,024,896","20,600,803","20,563,146","20,431,061","20,286,439","20,469,580","246,465,602"
     BUNDLE BOOKING,,"327,268","327,268","327,268","327,268","327,268","327,268","327,268","327,268","327,268","327,268","327,268","327,988","3,927,936"
     AIR FREIGHT / DISTRIBUTION / HANDLING EXP.,,"2,145,112","2,141,664","2,137,791","2,145,369","2,138,197","2,142,446","2,138,967","2,141,951","2,150,057","2,135,543","2,124,837","2,137,848","25,679,782"
B. OTHER SMD EXP.,,"1,039,427","1,041,228","1,025,058","1,012,325","1,011,825","1,012,225","1,016,622","1,042,303","1,030,953","1,039,402","1,025,583","1,025,383","12,322,334"
"     RENT OF CIRCULATION CENTRES'",,"414,143","414,843","414,843","415,043","415,043","415,443","417,840","419,017","421,167","421,520","422,020","422,320","5,013,242"
"     CIRCULATION CENTRES' OTHER EXP.",,"278,605","278,605","278,605","278,605","278,605","278,605","278,605","278,605","278,605","278,605","278,605","278,605","3,343,260"
     FREE / COMPLIMENTORY COPIES,,"310,077","310,077","310,077","310,077","310,077","310,077","310,077","310,077","310,077","310,077","310,077","310,077","3,720,924"
     MARRIAGE GIFTS TO AGENTS / HAWKERS,,"36,602","37,703","21,533","8,600","8,100","8,100","10,100","34,604","21,104","29,200","14,881","14,381","244,908"
     COIN EXCHANGE CHARGES,,0,0,0,0,0,0,0,0,0,0,0,0,0
BUSINESS PROMOTION EXP.,,"9,209,894","6,648,017","6,348,368","9,027,559","5,352,940","5,974,945","7,074,909","5,542,271","6,171,571","5,696,537","4,977,621","5,278,242","77,302,874"
     ENTERTAINMENT  (BUSINESS PROMOTION ),,"2,218,508","2,312,608","1,993,608","1,984,508","1,987,608","2,282,108","2,606,508","2,097,102","3,075,108","1,954,508","1,977,608","1,996,608","26,486,390"
     ADVERTISEMENT & PUBLICITY,,"3,431,386","3,275,409","3,394,760","6,908,051","3,276,332","3,603,837","4,379,401","3,356,169","3,007,463","3,653,029","2,911,409","3,191,409","44,388,655"
     ANNUAL MARKETING GET TOGETHER,,"2,500,000",0,0,0,0,0,0,0,0,0,0,0,"2,500,000"
     PROFESSIONAL CHARGES MARKETING,,0,0,0,0,0,0,0,0,0,0,0,0,0
     BARTER EXPENSES,,0,0,0,0,0,0,0,0,0,0,0,0,0
     SHARE OF STATE OFFICE EXPS,,"1,060,000","1,060,000","960,000","135,000","89,000","89,000","89,000","89,000","89,000","89,000","88,604","90,225","3,927,829"
     MARCOM EXP.,,0,0,0,0,0,0,0,0,0,0,0,0,0
READER CONNECT,,"525,411","525,411","546,729","525,411","525,411","525,411","525,411","525,411","525,411","525,411","525,411","525,411","6,326,250"
     READER CONNECT,,"88,721","88,721","88,721","88,721","88,721","88,721","88,721","88,721","88,721","88,721","88,721","88,721","1,064,652"
     CSR,,"436,690","436,690","458,008","436,690","436,690","436,690","436,690","436,690","436,690","436,690","436,690","436,690","5,261,598"
ADVT.COMMISSION & DISCOUNT,,"970,145","970,145","1,340,145","970,145","970,145","1,340,145","970,145","970,145","1,340,145","970,145","970,145","2,290,145","14,071,740"
     ANNUAL INCENTIVE TO CLIENTS,,"363,396","363,396","688,396","363,396","363,396","688,396","363,396","363,396","688,396","363,396","363,396","1,638,396","6,610,752"
     ADVERTISEMENT COMMISSION / DISCOUNT,,"606,749","606,749","651,749","606,749","606,749","651,749","606,749","606,749","651,749","606,749","606,749","651,749","7,460,988"
CITY & BUREAU EXP,,"3,575,793","3,579,412","3,589,198","3,594,880","3,603,048","3,604,032","3,604,458","3,614,699","3,619,376","3,625,596","3,627,120","3,629,626","43,267,235"
     BHEL,,"11,882","11,882","12,282","12,282","12,282","12,282","12,282","12,282","12,282","12,282","12,282","12,282","146,584"
     BHASKARPATRA,,"11,622","11,622","11,622","11,622","11,622","11,622","11,622","11,622","11,622","11,622","11,622","11,622","139,464"
     VIDISHA,,"24,947","24,947","24,947","24,947","24,947","24,947","24,947","24,947","24,947","24,947","24,947","24,947","299,364"
     SEHORE,,"24,552","24,552","24,552","24,552","24,552","24,552","24,552","24,552","24,552","24,552","24,552","24,552","294,624"
     BAIRAGARH,,"9,036","9,036","9,036","9,036","9,036","9,036","9,036","9,036","9,036","9,036","9,036","9,036","108,432"
     MULTAI,,"5,133","5,133","5,133","5,249","5,249","5,249","5,249","5,249","5,249","5,248","5,248","5,249","62,638"
     RAISEN,,"16,482","16,482","16,482","16,784","16,784","16,784","16,784","16,784","16,784","16,784","16,784","16,784","200,502"
     GANJBASODA,,"6,411","6,411","6,411","6,411","6,411","6,411","6,411","6,411","6,411","6,411","6,411","6,411","76,932"
     ASHTA,,"5,640","5,640","5,640","5,640","5,640","5,640","5,640","5,640","5,640","5,640","5,640","5,640","67,680"
     KOLAR,,"8,870","8,870","8,870","8,870","8,870","8,870","8,870","8,870","8,870","8,870","8,870","8,870","106,440"
     MANDIDEEP,,248,248,248,248,248,248,248,248,248,248,248,248,"2,976"
     DEWAS,,"38,901","38,859","38,859","38,859","38,859","38,859","38,859","38,859","38,859","38,859","38,859","38,859","466,350"
     DHAR,,"26,873","26,873","26,873","26,873","26,873","26,873","26,873","26,873","26,873","26,873","26,873","26,873","322,476"
     JHABUA,,"16,227","16,227","16,227","16,227","16,227","16,227","16,227","16,549","16,549","16,549","16,549","16,549","196,334"
     PITHAMPUR,,"7,613","7,613","7,613","7,613","7,613","7,613","7,815","7,815","7,815","7,816","7,816","7,816","92,571"
     ALIRAJPUR,,"6,705","6,705","6,705","6,705","6,705","6,705","6,705","6,705","6,705","6,705","6,705","6,705","80,460"
     SHAJAPUR,,"16,962","16,660","16,660","16,660","16,660","16,660","16,660","17,160","17,160","17,160","17,160","17,160","202,722"
     NAGDA,,"12,665","12,441","12,441","12,441","12,441","12,441","12,441","12,441","12,441","13,116","13,116","13,116","151,541"
     DHAMTARI,,"21,978","21,978","21,978","21,978","21,978","21,978","21,978","21,978","21,978","21,978","21,978","21,978","263,736"
     MAHASAMUND,,"17,155","17,155","17,155","17,155","17,155","17,155","17,486","17,486","17,486","17,486","17,486","17,486","207,846"
     BHATAPARA,,"3,560","3,560","3,560","3,560","3,780","3,780","3,780","3,780","3,780","3,780","3,780","3,780","44,480"
     KAWARDHA,,"15,542","15,542","15,542","15,842","15,842","15,842","15,842","15,842","15,842","15,842","15,842","15,842","189,204"
     BALODA BAZAR,,"8,272","8,272","8,272","8,272","8,272","8,272","8,272","8,272","8,272","8,272","8,272","8,272","99,264"
     AMBIKAPUR,,"25,871","25,871","25,871","25,871","25,871","25,871","25,871","25,871","26,190","26,190","26,190","26,191","311,729"
     BAIKUNTHPUR,,"14,574","14,574","14,574","14,574","14,574","14,574","14,574","14,574","14,574","14,707","14,708","14,708","175,289"
     JANJGIR,,"28,963","29,278","29,278","29,278","29,278","29,278","29,278","29,278","29,278","29,278","29,278","29,278","351,021"
     JASPUR,,"10,620","10,620","10,620","10,812","10,812","10,812","10,812","10,812","10,812","10,812","10,812","10,812","129,168"
     JHARSUGDA,,"7,307","7,746","7,746","7,746","7,746","7,746","7,746","7,746","7,746","7,746","7,746","7,746","92,513"
     KORBA,,"37,660","37,660","37,660","37,660","37,660","37,660","37,660","37,660","37,660","37,660","37,660","37,660","451,920"
     NEEMUCH,,"17,465","17,465","17,465","17,465","17,465","17,465","17,465","17,465","17,465","17,465","17,465","17,465","209,580"
     MANDSOUR,,"20,256","20,456","20,656","20,656","20,656","20,656","20,656","20,656","20,656","20,656","20,656","20,656","247,272"
     JAORA,,"11,036","11,036","11,036","11,036","11,036","11,036","11,036","11,339","11,339","11,339","11,339","11,339","133,947"
     GARODH,,"5,191","5,236","5,236","5,236","5,236","5,236","5,236","5,236","5,236","5,236","5,236","5,236","62,787"
     MANASA,,"6,397","6,397","6,397","6,397","6,397","6,397","6,397","6,397","6,397","6,397","6,397","6,397","76,764"
     DAUSA,,"12,000","12,000","12,000","12,000","12,000","12,000","12,000","12,000","12,000","12,000","12,000","12,000","144,000"
     KAROLI,,"11,175","11,175","11,175","11,175","11,175","11,175","11,175","11,175","11,175","11,391","11,391","11,391","134,749"
     TONK,,"14,450","14,450","14,450","14,450","14,450","14,450","14,450","14,450","14,450","14,450","14,450","14,450","173,400"
     SHAHPURA,,"7,925","7,925","7,925","7,925","7,925","7,925","7,925","7,925","7,925","7,925","7,925","7,925","95,100"
     GANGAPURCI,,"13,100","13,100","13,100","13,100","13,100","13,100","13,100","13,100","13,100","13,100","13,100","13,100","157,200"
     SAWAIMADHOPUR,,"25,850","25,850","25,850","25,850","25,850","25,850","25,850","25,850","25,850","25,850","25,850","25,850","310,200"
     CHOMU,,"12,200","12,200","12,200","12,200","12,200","12,200","12,375","12,375","12,375","12,375","12,375","12,375","147,450"
     BANDIKUI,,"8,175","8,175","8,175","8,175","8,175","8,175","8,175","8,175","8,175","8,175","8,175","8,175","98,100"
     HINDAUNCITY,,"11,800","11,800","11,800","11,800","11,800","11,800","11,800","11,800","11,800","11,800","11,800","11,800","141,600"
     BALOTRA,,"16,319","16,319","16,319","16,319","16,319","16,319","16,319","16,319","16,319","16,319","16,319","16,319","195,828"
     JAISALMER,,"19,080","19,880","19,880","19,880","19,880","19,880","19,880","19,880","19,880","19,880","19,880","19,880","237,760"
     SUMERPUR,,"8,150","8,150","8,150","8,150","8,150","8,150","8,150","8,150","8,150","8,150","8,150","8,150","97,800"
     POKRAN,,"7,150","7,150","7,150","7,150","7,150","7,150","7,150","7,150","7,150","7,150","7,150","7,150","85,800"
     PHALODI,,"10,410","10,410","10,410","10,410","10,410","10,410","10,410","10,410","10,410","10,410","10,410","10,410","124,920"
     BILARA,,"5,210","5,210","5,210","5,210","5,210","5,210","5,210","5,210","5,210","5,210","5,210","5,210","62,520"
     BHINMAL,,"8,540","8,540","8,540","8,540","8,540","8,540","8,540","8,540","8,540","8,540","8,540","8,540","102,480"
     NOKHA,,"5,500","5,500","5,500","5,500","5,500","5,500","5,500","5,500","5,500","5,500","5,500","5,500","66,000"
     SURATGARH,,"13,995","13,995","13,995","13,995","13,995","13,995","13,995","13,995","13,995","13,995","13,995","13,995","167,942"
     RAJSAMAND,,"20,478","20,478","20,478","20,478","20,478","20,478","20,478","20,478","20,478","20,478","20,478","20,478","245,736"
     DUNGARPUR1,,"29,960","29,960","29,960","29,960","29,960","29,960","29,960","29,960","29,960","29,960","29,960","29,960","359,520"
     BUNDI,,"16,498","16,698","16,698","16,698","16,698","16,698","16,698","16,698","16,698","16,698","16,698","16,698","200,176"
     RAWATBHATA,,"8,862","8,988","8,988","8,988","8,988","8,988","8,988","8,988","9,188","9,188","9,188","9,188","108,530"
     RAMGANJMANDI,,"7,926","7,926","7,926","7,926","7,926","7,926","8,014","8,101","8,101","8,101","8,101","8,101","96,075"
     HAMIRPUR,,"18,218","18,218","18,218","18,218","18,218","18,218","18,218","18,218","18,218","18,218","18,218","18,218","218,616"
     MANDI,,"16,573","16,573","16,573","16,573","16,573","16,573","16,573","17,453","17,453","17,453","17,453","17,453","203,276"
     SOLAN,,"13,544","13,544","13,544","13,544","14,544","14,544","14,544","14,544","14,544","14,544","14,544","14,544","170,528"
     DHARAMSHALA,,"14,428","14,428","14,428","14,428","14,428","14,428","14,428","14,428","14,428","15,377","15,377","15,376","175,982"
     NAHAN,,"6,979","6,979","6,979","6,979","6,979","6,979","6,979","6,979","6,979","6,979","6,979","6,979","83,748"
     UNA,,"9,058","9,058","9,058","9,408","9,408","9,408","9,408","9,408","9,408","9,408","9,408","9,408","111,846"
     KULLU,,"8,066","8,066","8,066","8,066","8,066","8,066","8,066","8,066","8,066","8,066","8,066","8,066","96,792"
     HOSHIARPUR,,"25,330","25,330","25,330","25,330","25,330","25,330","25,330","25,330","25,330","25,330","25,330","25,330","303,960"
     KAPORTHALA,,"17,666","17,666","17,666","17,666","17,666","17,666","17,666","17,666","17,666","17,666","17,666","17,666","211,992"
     PHAGWARA,,"10,540","10,540","10,769","10,769","10,769","10,769","10,769","10,769","10,769","10,769","10,769","10,769","128,770"
     NAVASHAR,,"18,218","18,218","18,606","18,606","18,606","18,606","18,606","18,606","18,606","18,606","18,606","18,606","222,496"
     GURDASPUR,,"18,548","18,995","18,995","18,995","18,995","18,995","18,995","18,995","18,995","18,995","18,995","18,995","227,493"
     PATHANKOT,,"50,766","50,766","50,766","50,766","50,766","50,766","50,766","50,766","50,766","50,766","50,766","50,766","609,192"
     BATALA,,"14,403","14,403","14,403","14,403","14,403","14,403","14,756","14,756","14,756","14,756","14,756","14,756","174,954"
     TARANTARAN,,"6,657","6,657","6,657","6,657","6,657","6,657","6,657","6,657","6,657","6,657","6,657","6,657","79,884"
     MOGA,,"12,218","12,218","12,218","12,218","12,218","12,218","12,400","12,400","12,400","12,400","12,400","12,400","147,708"
     KHANNA,,"8,450","8,450","8,450","8,450","8,450","8,450","8,450","8,450","8,450","8,450","8,450","8,450","101,400"
     BARNALA,,"8,292","8,292","8,292","8,292","8,292","8,292","8,292","8,292","8,292","8,483","8,483","8,483","100,077"
     GANDHINAGAR,,"2,880","2,880","2,880","2,880","2,880","2,880","2,880","2,880","2,880","2,880","2,880","2,880","34,560"
     SURENDRANAGAR,,"39,249","39,249","39,249","39,249","39,249","39,249","39,249","40,701","40,701","40,701","40,701","40,701","478,248"
     CITY OFF-CG ROAD,,"64,743","64,743","64,743","64,743","64,743","64,743","64,743","64,743","69,030","69,030","69,030","69,030","794,064"
     PORBANDAR,,"15,570","15,570","15,570","15,570","15,570","15,570","15,570","15,570","15,570","15,570","15,570","15,570","186,840"
     AMBRELI,,"9,879","9,879","9,879","9,879","9,879","9,879","9,879","9,879","9,879","9,879","9,879","9,879","118,548"
     BARDOLI,,"20,949","20,949","20,949","20,949","20,949","20,949","20,949","21,675","21,675","21,675","21,675","21,675","255,015"
     VALSAD,,"23,730","23,730","23,730","23,730","23,730","23,730","23,730","23,730","23,730","23,730","23,730","24,698","285,728"
     GODHRA,,"28,960","28,960","28,960","28,960","28,960","28,960","30,058","30,058","30,058","30,058","30,058","30,058","354,108"
     DAHOD,,"22,625","22,625","22,625","22,625","22,625","22,625","22,625","22,625","22,625","22,625","22,625","22,625","271,500"
     MAHUA,,"11,400","11,400","11,400","11,400","11,400","11,400","11,400","11,400","11,400","11,400","11,400","11,400","136,800"
     TALAJA,,"6,300","6,300","6,300","6,300","6,300","6,300","6,300","6,300","6,300","6,300","6,300","6,300","75,600"
     PALITANA,,"3,000","3,000","3,000","3,000","3,000","3,000","3,000","3,000","3,000","3,000","3,000","3,000","36,000"
     SAEHOR,,"10,430","10,430","10,430","10,430","10,430","10,430","10,430","10,430","10,430","10,430","10,430","10,430","125,160"
     GARIYADAR,,"2,000","2,000","2,000","2,000","2,000","2,000","2,000","2,000","2,000","2,000","2,000","2,000","24,000"
     VALBHIPUR,,"4,030","4,030","4,030","4,030","4,030","4,030","4,030","4,030","4,030","4,030","4,030","4,030","48,360"
     BOTAD,,"3,000","3,000","3,000","3,000","3,000","3,000","3,000","3,000","3,000","3,000","3,000","3,000","36,000"
     UMRALA,,"1,000","1,000","1,000","1,000","1,000","1,000","1,000","1,000","1,000","1,000","1,000","1,000","12,000"
     GANDHIDHAM,,"41,580","41,580","41,580","41,580","41,580","41,580","41,580","41,580","41,580","41,580","41,580","41,580","498,960"
     PATAN,,"16,810","16,810","16,810","16,810","16,810","16,810","16,810","16,810","16,810","16,810","16,810","16,810","201,720"
     PALANPUR,,"24,589","24,589","24,589","25,249","25,249","25,249","25,249","25,249","25,249","25,249","25,249","25,249","301,008"
     HIMMAT NGR,,"26,989","26,989","26,989","26,989","26,989","26,989","26,989","26,989","26,989","27,814","27,814","27,814","326,343"
     MODASA,,"11,713","11,713","11,713","11,713","11,713","11,713","11,713","11,713","11,713","11,713","11,713","11,713","140,556"
     GAYA,,"34,800","34,800","34,800","34,800","34,800","34,800","34,800","34,800","34,800","34,800","34,800","34,800","417,600"
     BIHAR SHARIF,,"23,250","23,250","23,250","23,250","23,250","23,250","23,250","23,250","23,250","23,250","23,250","23,250","279,000"
     ARA,,"29,000","29,000","29,000","29,000","29,000","29,000","29,000","29,000","29,000","29,000","29,000","29,000","348,000"
     CHHAPRA,,"29,750","29,750","29,750","29,750","29,750","29,750","29,750","29,750","29,750","29,750","29,750","29,750","357,000"
     HAJIPUR,,"27,750","27,750","27,750","27,750","27,750","27,750","27,750","27,750","27,750","27,750","27,750","27,750","333,000"
     SAMASTIPUR,,"15,000","15,000","15,000","15,000","15,000","15,000","15,000","15,000","15,000","15,000","15,000","15,000","180,000"
     DARBHANGA,,"15,000","15,000","15,000","15,000","15,000","15,000","15,000","15,000","15,000","15,000","15,000","15,000","180,000"
     PURNIA,,"12,200","12,200","12,200","12,200","12,200","12,200","12,200","12,200","12,200","12,200","12,200","12,200","146,400"
     MORENA,,"13,806","13,806","13,806","13,806","13,806","13,806","13,806","13,806","13,806","13,806","13,806","13,806","165,672"
     DATIA,,"12,189","12,189","12,189","12,189","12,189","12,189","12,189","12,189","12,189","12,189","12,189","12,189","146,268"
     BHIND,,"11,396","11,396","11,396","11,396","11,396","11,396","11,396","11,396","11,396","11,396","11,396","11,396","136,752"
     DABRA,,"13,540","13,540","13,540","13,540","13,540","13,540","13,540","13,540","13,540","13,540","13,540","13,540","162,480"
     SHEOPUR,,"10,919","10,919","10,919","10,919","10,919","10,919","10,919","10,919","10,919","10,919","10,919","10,919","131,028"
     SHIVPURI,,"14,908","14,908","14,908","14,908","14,908","14,908","14,908","14,908","14,908","14,908","14,908","14,908","178,896"
     ITARSI,,"26,822","26,818","27,165","27,165","27,165","27,165","27,165","27,165","27,165","27,166","27,166","27,166","325,293"
     BETUL,,"25,822","25,822","26,053","26,053","26,053","26,053","26,054","26,054","26,054","26,054","26,054","26,054","312,180"
     PIPARIYA,,"6,632","6,632","6,771","6,771","6,771","6,771","6,771","6,771","6,771","6,771","6,771","6,770","80,973"
     HARDA,,"15,023","15,023","15,023","15,023","15,023","15,223","15,223","15,223","15,223","15,223","15,223","15,223","181,676"
     SARNI,,"8,386","8,386","8,560","8,560","8,560","8,560","8,560","8,560","8,560","8,560","8,560","8,556","102,368"
     KHARGONE,,"25,703","25,703","25,703","25,703","25,703","25,703","25,703","25,703","25,703","25,703","25,703","25,703","308,436"
     SENDWA,,"8,463","8,463","8,463","8,463","8,463","8,463","8,463","8,463","8,463","9,119","9,119","9,119","103,524"
     BURHANPUR,,"20,188","20,188","20,188","20,188","20,188","20,188","20,188","20,188","20,188","20,188","20,188","20,188","242,256"
     BARWANI,,"17,193","17,193","17,193","17,193","17,193","17,193","17,193","17,193","17,193","17,193","17,193","17,193","206,316"
     SANAWAD,,"8,324","8,324","8,616","8,616","8,616","8,616","8,616","8,616","8,616","8,616","8,616","8,616","102,808"
     DAMOH,,"17,000","17,000","17,000","17,000","17,000","17,000","17,000","17,000","17,000","17,000","17,000","17,000","204,000"
     BINA,,"14,742","14,742","14,742","14,742","14,742","14,742","14,742","14,742","14,742","14,742","14,742","14,742","176,904"
     BEHROR,,"11,510","11,510","11,510","11,510","11,510","11,510","11,510","11,888","11,888","11,888","11,888","11,888","140,008"
     BHIWADI,,"21,950","21,950","21,950","21,950","21,950","21,950","21,950","21,950","22,650","22,650","22,650","22,650","266,200"
     SAGWARA  ,,"7,010","7,010","7,010","7,010","7,010","7,010","7,410","7,410","7,410","7,410","7,410","7,410","86,520"
     DHOLPUR,,"25,150","25,150","25,150","25,150","25,150","25,150","25,150","25,150","25,150","25,150","25,623","25,623","302,746"
     KUCHAMAN CITY,,"13,350","13,350","13,350","13,350","13,350","13,350","13,350","13,350","13,350","13,350","13,350","13,350","160,200"
     METRA CITY,,"7,875","7,875","7,875","7,875","7,875","7,875","7,875","7,875","8,006","8,006","8,006","8,006","95,024"
     NEEM KA THANA,,"10,215","10,215","10,215","10,215","10,215","10,215","10,215","10,425","10,425","10,425","10,425","10,425","123,630"
     PRATAPGARH,,"18,938","18,938","18,938","19,253","19,513","19,513","19,513","19,513","19,513","19,513","19,513","19,513","232,171"
     SANGRUR,,"14,984","15,247","15,247","15,247","15,247","15,247","15,247","15,247","15,247","15,247","15,247","15,247","182,701"
     FEROZPUR,,"15,650","15,650","15,650","15,650","15,650","15,650","15,650","15,650","15,650","15,650","15,650","15,650","187,800"
     ROPAR1,,"18,953","18,953","18,953","18,953","18,953","18,953","18,953","18,953","18,953","19,422","19,422","19,422","228,843"
     MOHALI,,"39,077","39,077","39,077","39,077","39,077","39,077","39,077","39,077","39,077","39,077","39,077","39,077","468,924"
     GURGAON,,"63,900","63,900","63,900","63,900","63,900","63,900","63,900","63,900","63,900","63,900","63,900","63,900","766,800"
     BHIVANI,,"23,180","23,180","23,180","23,180","23,180","23,180","23,180","23,180","23,180","23,180","23,180","23,180","278,160"
     CHARHIDAD,,"14,502","14,502","14,502","14,502","14,926","14,926","14,926","14,926","14,926","14,926","14,926","14,926","177,416"
     FATEHABAD,,"18,914","18,914","18,914","18,914","18,914","18,914","18,914","18,914","18,914","18,914","18,914","18,914","226,968"
     SIRSA,,"24,413","24,413","24,413","24,413","24,413","24,413","24,413","24,413","24,413","24,413","24,413","24,413","292,956"
     HANSI,,"10,547","10,547","10,547","10,547","10,927","10,927","10,927","10,927","10,927","10,927","10,927","10,927","129,604"
     DABWALI,,"10,831","10,831","10,831","10,831","10,831","10,831","10,831","10,831","10,831","10,831","11,170","11,170","130,650"
     JIND1,,"25,967","25,967","25,967","25,967","26,902","26,902","26,902","26,902","26,902","26,902","26,902","26,902","319,084"
     NARNAUL,,"18,461","18,461","18,461","18,461","18,892","19,324","19,324","19,324","19,324","19,324","19,324","19,324","228,004"
     MAHENDERGARH,,"19,000","19,000","19,000","19,000","19,000","19,000","19,000","19,000","19,000","19,000","19,000","19,000","228,000"
     BHADURGARH,,"14,150","14,150","14,150","14,150","14,150","14,150","14,150","14,150","14,150","14,150","14,150","14,150","169,800"
     JHAJHAR,,"11,578","11,578","11,578","11,578","11,578","11,730","11,730","11,730","11,730","11,730","11,730","11,730","140,000"
     BOKARO,,"69,100","69,100","69,100","69,100","69,100","69,100","69,100","69,100","69,100","69,100","69,100","69,100","829,200"
     GIRDHI,,"15,170","15,170","15,170","15,170","15,170","15,170","15,170","15,170","15,170","15,170","15,671","15,671","183,042"
     JHARIA,,"12,240","12,240","12,614","12,614","12,614","12,614","12,614","12,614","12,614","12,614","12,614","12,614","150,620"
     JAMTARA,,"9,315","9,557","9,557","9,557","9,557","9,557","9,557","9,557","9,557","9,557","9,557","9,557","114,442"
     KHATRAS,,"13,500","13,500","13,500","13,500","13,500","13,500","13,500","13,500","13,500","13,500","13,500","13,500","162,000"
     BERMO,,"8,100","8,100","8,100","8,100","8,100","8,100","8,100","8,100","8,100","8,100","8,100","8,100","97,200"
     GHATSEELA,,"16,700","16,700","16,700","16,700","16,700","16,700","16,700","16,700","16,700","16,700","16,700","16,700","200,400"
     CHAIVASHA,,"23,700","23,700","23,700","23,700","23,700","23,700","23,700","23,700","23,700","23,700","23,700","23,700","284,400"
     CHAKARDHARPUR,,"16,201","16,201","16,201","16,201","16,201","16,201","16,201","16,201","16,201","16,201","16,201","16,201","194,412"
     GUMLA,,"14,662","14,662","14,662","15,045","15,045","15,045","15,045","15,045","15,045","15,045","15,045","15,045","179,391"
     SIMDEGA,,"12,879","12,879","12,879","12,879","12,879","12,879","13,230","13,230","13,230","13,230","13,230","13,230","156,654"
     DALTONGANJ,,"13,431","14,111","14,111","14,111","14,111","14,111","14,111","14,111","14,111","14,111","14,111","14,111","168,652"
     CHATRA,,"11,172","11,172","11,172","11,172","11,172","11,172","11,172","11,172","11,172","11,172","11,172","11,612","134,504"
     BULDHANA,,"18,521","18,521","18,521","18,990","18,990","19,190","19,490","18,990","18,990","18,990","18,990","18,990","227,173"
     WALUJ,,"16,980","16,980","17,430","17,430","17,430","17,430","17,430","17,430","17,430","17,430","17,430","17,430","208,260"
     PARPHANI,,"3,530","3,530","3,530","3,530","3,530","3,530","3,530","3,530","3,530","3,530","3,530","3,530","42,360"
     JALNA,,"31,500","31,500","31,500","31,500","31,500","31,500","31,500","31,500","31,500","32,175","32,175","32,175","380,025"
     BEED,,"28,570","28,570","28,570","28,570","28,570","28,570","28,570","28,570","28,570","29,060","29,060","29,060","344,310"
     NANDED,,"18,000","18,000","18,000","18,000","18,000","18,000","18,000","18,000","18,000","18,000","18,000","19,100","217,100"
     PUNE,,"16,240","16,240","16,240","16,240","16,240","16,240","16,240","16,240","16,240","16,240","16,240","16,240","194,880"
     HINGOLI,,"3,000","3,000","3,000","3,000","3,000","3,000","3,000","3,000","3,000","3,000","3,000","3,000","36,000"
     MUMBAI,,"7,750","7,750","7,750","7,750","7,750","7,750","7,750","7,750","7,750","7,750","7,750","7,750","93,000"
     BHUSAWAL,,"32,429","32,429","32,429","32,429","32,429","32,429","32,429","33,230","33,230","33,230","33,230","33,230","393,153"
     DHULE,,"34,160","34,160","34,160","34,160","34,160","34,160","34,160","34,710","34,710","34,710","34,710","34,710","412,670"
     CHALLISGAON,,"26,078","26,078","26,078","26,078","26,078","26,078","26,078","26,078","26,078","26,078","26,078","26,078","312,936"
     MALEGAON,,"16,400","16,400","16,400","16,400","16,400","16,400","16,400","16,400","16,400","16,400","16,400","16,400","196,800"
     SINNER,,"17,800","17,800","17,800","17,800","17,800","17,800","17,800","17,800","17,800","17,800","17,800","17,800","213,600"
     SHIRDI,,"5,000","5,000","5,000","5,000","5,000","5,000","5,000","5,000","5,000","5,000","5,000","5,000","60,000"
     OSMANABAD,,"21,883","21,883","21,883","21,883","21,883","21,883","21,883","21,883","21,883","21,883","21,883","21,883","262,596"
     LATUR,,"17,253","17,253","17,253","17,253","17,253","17,253","17,253","17,253","17,253","17,253","17,253","17,253","207,036"
     ASHOKNAGAR,,"7,660","7,660","7,660","7,660","7,660","7,660","7,660","7,660","7,660","7,450","7,660","7,660","91,710"
     BIORA,,"6,576","6,576","6,576","6,576","6,576","6,576","6,576","6,576","6,576","6,576","6,576","6,576","78,912"
     RAJGARH,,"11,886","11,886","11,886","11,886","11,886","11,886","11,886","11,886","11,886","11,886","11,886","11,886","142,632"
     RAJNANDGAON1,,"29,839","29,839","29,839","29,839","31,049","31,049","31,049","31,049","31,049","31,049","31,049","31,049","367,748"
     DONGARGARH1,,"3,735","3,735","3,735","3,735","3,735","3,735","3,735","3,735","3,735","3,735","3,735","3,735","44,820"
     BHILAI3,,0,0,0,0,0,0,0,0,0,0,0,0,0
     TIKAMGARH,,"14,359","14,359","14,359","14,359","14,359","14,359","14,359","14,359","14,359","14,359","14,359","14,359","172,308"
     KISHANGARH,,"15,431","15,431","15,431","15,718","15,718","15,718","15,718","15,718","15,718","15,718","15,718","15,718","187,751"
     BARAN,,"11,768","11,768","11,768","11,768","11,768","11,768","11,768","11,768","11,768","11,768","11,768","11,768","141,216"
     JALORE,,"18,072","18,072","18,072","18,072","18,072","18,072","18,072","18,072","18,072","18,072","18,072","18,072","216,859"
     SHIVGUNJ,,"2,000","2,000","2,000","2,000","2,000","2,000","2,000","2,000","2,000","2,000","2,000","2,000","24,000"
     ABUROAD,,"12,321","12,321","12,321","12,321","12,321","12,321","12,321","12,321","12,321","12,321","12,321","12,321","147,852"
     CHURU,,"35,250","35,250","41,462","41,462","42,250","42,250","38,250","39,300","37,900","37,900","37,900","37,900","467,074"
     CHIDAWA,,"8,950","8,950","8,950","8,950","8,950","8,950","8,950","9,280","9,280","9,280","9,280","9,280","109,050"
     MANDI GOBINDGARH,,"11,770","11,770","11,770","11,770","11,770","11,770","11,770","11,770","12,210","12,210","12,210","12,210","143,000"
     KAITHAL,,"28,980","28,980","28,980","28,980","30,345","30,345","30,345","30,345","30,345","30,345","30,345","30,345","358,680"
     YAMUNANGR,,"32,530","32,530","32,530","32,530","32,530","32,530","32,530","32,530","32,530","32,530","32,530","32,530","390,360"
     KURUKSHETRA,,"27,881","27,881","27,881","27,881","27,881","27,881","27,881","27,881","27,881","27,881","27,881","27,880","334,571"
     NADIAD,,"42,395","42,395","42,395","43,847","43,847","43,847","43,847","43,847","43,847","43,847","43,847","43,847","521,808"
     YAVATMAL,,"20,150","20,150","20,150","20,150","20,150","20,150","20,150","20,150","20,150","20,150","20,150","20,150","241,800"
     NAGPUR1,,"15,000","15,000","15,000","15,000","15,000","15,000","15,000","15,000","15,000","15,000","15,000","15,000","180,000"
     NAGPUR,,"20,150","20,150","20,500","20,500","20,500","20,500","20,500","20,500","20,500","20,500","20,500","20,500","245,300"
     DANTEWADA,,"3,000","3,000","3,000","3,000","3,000","3,000","3,000","3,000","3,000","3,000","3,000","3,000","36,000"
     KANKER,,"6,892","6,892","6,892","6,892","6,892","6,892","6,892","6,892","6,892","6,892","6,892","6,896","82,708"
     GOHANA,,"14,160","14,160","14,160","14,160","14,160","14,160","14,160","14,160","14,160","14,886","14,886","14,886","172,098"
     MHOW,,"26,027","26,027","26,027","26,027","26,027","26,027","26,627","26,627","26,627","26,627","26,627","26,627","315,924"
     DURG,,"6,831","6,831","6,831","6,831","6,831","6,831","6,831","6,831","6,831","6,831","6,831","6,831","81,972"
     BALOD,,"17,286","17,286","17,286","17,286","17,286","17,286","17,286","17,286","17,286","17,286","17,286","17,286","207,432"
     BEMETARA,,"3,941","3,941","3,941","3,941","3,941","3,941","3,941","3,941","3,941","3,941","3,941","3,941","47,292"
     DALLIRARA,,"2,708","2,708","2,708","2,708","2,708","2,708","2,708","2,708","2,708","2,708","2,708","2,708","32,496"
     Panchukula,,"64,987","64,987","64,987","64,987","64,987","64,987","64,987","68,139","68,139","68,139","68,139","68,138","795,603"
     ABOHAR,,"21,550","21,550","21,550","21,550","21,550","21,550","21,550","21,550","21,550","21,550","21,550","21,550","258,600"
     HAJARIBAG,,"17,517","17,517","17,517","18,374","18,374","18,374","18,374","18,374","18,374","18,374","18,374","18,374","217,917"
     RAMGHAR,,"13,170","13,170","13,170","13,170","13,720","13,720","13,720","13,720","13,720","13,720","13,720","13,720","162,440"
     LOHARDAGA,,"15,560","15,560","15,560","15,560","16,165","16,165","16,165","16,165","16,165","16,165","16,165","16,165","191,560"
     KODERMA,,"17,579","18,013","18,013","18,013","18,013","18,013","18,013","18,013","18,013","18,013","18,013","18,013","215,722"
     GHARWA,,"11,660","11,660","11,660","11,660","11,660","11,660","11,660","11,660","11,660","11,919","11,919","11,919","140,697"
     KHUTI,,"6,408","6,408","6,408","6,408","6,408","6,408","6,408","6,408","6,408","6,573","6,573","6,573","77,391"
     LATEHAR,,"13,890","13,890","13,890","13,890","13,890","13,890","14,235","14,235","14,235","14,235","14,235","14,235","168,750"
     NATHDWARA,,0,0,0,0,0,0,0,0,0,0,0,0,0
     DUMMY-1,,0,0,0,0,0,0,0,0,0,0,0,0,0
     DUMMY-2,,0,0,0,0,0,0,0,0,0,0,0,0,0
     DUMMY-3,,0,0,0,0,0,0,0,0,0,0,0,0,0
     DUMMY-4,,0,0,0,0,0,0,0,0,0,0,0,0,0
     DUMMY-5,,0,0,0,0,0,0,0,0,0,0,0,0,0
     DUMMY-6,,0,0,0,0,0,0,0,0,0,0,0,0,0
     DUMMY-7,,0,0,0,0,0,0,0,0,0,0,0,0,0
     DUMMY-8,,0,0,0,0,0,0,0,0,0,0,0,0,0
     DUMMY-9,,0,0,0,0,0,0,0,0,0,0,0,0,0
     DUMMY-10,,0,0,0,0,0,0,0,0,0,0,0,0,0
     DUMMY-11,,0,0,0,0,0,0,0,0,0,0,0,0,0
     DUMMY-12,,0,0,0,0,0,0,0,0,0,0,0,0,0
     DUMMY-13,,0,0,0,0,0,0,0,0,0,0,0,0,0
     DUMMY-14,,0,0,0,0,0,0,0,0,0,0,0,0,0
     DUMMY-15,,0,0,0,0,0,0,0,0,0,0,0,0,0
OTHER EXPENSES,,"2,327,743","2,407,601","2,309,443","2,456,684","2,284,443","2,290,443","2,333,443","2,284,443","2,309,443","2,458,684","2,284,443","2,400,443","28,147,256"
     INTERNAL AUDIT FEES,,"1,381,522","1,381,522","1,381,522","1,381,522","1,381,522","1,381,522","1,381,522","1,381,522","1,381,522","1,381,522","1,381,522","1,381,522","16,578,264"
"     INTERNAL AUDITORS' EXP.",,"78,583","83,583","82,583","78,583","78,583","78,583","83,583","78,583","82,583","78,583","78,583","78,583","960,996"
     STATUTORY AUDIT FEES,,0,0,0,0,0,0,0,0,0,0,0,0,0
"     STATUTORY AUDITORS' EXP.",,"65,655","22,355","22,355","65,355","22,355","22,355","66,355","22,355","22,355","67,355","22,355","22,355","443,560"
     ABC AUDIT FEES,,"261,935","261,935","276,935","390,176","261,935","261,935","261,935","261,935","276,935","390,176","261,935","261,935","3,429,702"
"     ABC AUDITORS' EXP.",,"230,326","230,326","236,326","231,326","230,326","236,326","230,326","230,326","236,326","231,326","230,326","236,326","2,789,912"
     BANK CHARGES,,"54,722","54,722","54,722","54,722","54,722","54,722","54,722","54,722","54,722","54,722","54,722","54,722","656,664"
     BANK INTEREST,,0,0,0,0,0,0,0,0,0,0,0,0,0
"     DIRECTORS' EXP.",,0,0,0,0,0,0,0,0,0,0,0,0,0
     MACHINE LEASE RENT,,"255,000","373,158","255,000","255,000","255,000","255,000","255,000","255,000","255,000","255,000","255,000","365,000","3,288,158"
CIRCULATION PROMOTION EXPS. (CPE),,"25,189,901","30,044,726","24,073,490","27,058,597","28,025,142","29,069,055","22,795,196","21,858,702","21,851,702","21,851,702","21,851,502","24,837,619","298,507,334"
     CONSUMER PROMOTION,,"11,098,940","13,038,392","10,841,602","11,375,402","14,423,797","14,668,797","12,613,797","12,268,797","12,268,797","12,268,797","12,268,797","13,418,801","150,554,716"
     TRADE PROMOTION,,"2,612,791","2,867,241","2,736,241","3,049,241","2,670,241","2,643,241","2,499,741","2,482,241","2,475,241","2,475,241","2,475,041","2,589,191","31,575,692"
     MARKET DEVELOPMENT,,"1,083,331","1,083,331","1,083,331","1,083,331","1,083,331","1,083,331","1,083,331","1,083,331","1,083,331","1,083,331","1,083,331","1,083,331","12,999,972"
     PUBLICITY,,0,0,0,0,0,0,0,0,0,0,0,0,0
     SURE GIFT,,"10,394,839","13,055,762","9,412,316","11,550,623","9,847,773","10,673,686","6,598,327","6,024,333","6,024,333","6,024,333","6,024,333","7,746,296","103,376,954"
     BARTER EXPENSE,,0,0,0,0,0,0,0,0,0,0,0,0,0
ANNUAL SUBSCRIPTION / LAWAZAM,,0,0,0,0,0,0,0,0,0,0,0,0,0
     LAWAZAM EXPS,,0,0,0,0,0,0,0,0,0,0,0,0,0
BAD DEBTS,,"4,146,366","4,148,079","4,201,895","4,162,553","4,172,645","4,122,286","4,210,743","4,293,875","4,142,069","4,169,187","4,208,180","4,230,103","50,207,981"
     PROVISION  FOR BAD DEBTS,,"4,146,366","4,148,079","4,201,895","4,162,553","4,172,645","4,122,286","4,210,743","4,293,875","4,142,069","4,169,187","4,208,180","4,230,103","50,207,981"
Grand Total,,"499,075,490","494,376,970","492,664,929","495,392,745","489,439,285","493,924,260","508,515,649","482,519,112","492,438,407","486,469,055","475,957,449","489,622,681","5,900,396,032"
