<?xml version="1.0" encoding="UTF-8"?><?xml-stylesheet type='text/xsl' href='_UpgradeReport_Files/UpgradeReport.xslt'?><UpgradeLog>
<Properties><Property Name="Solution" Value="QReader">
</Property><Property Name="Solution File" Value="C:\Users\TIMINDMAP\Desktop\QvdExtractor_x64_Source_COde\QvdExtractor_x64_Source_COde\QReader.sln">
</Property><Property Name="User Options File" Value="C:\Users\TIMINDMAP\Desktop\QvdExtractor_x64_Source_COde\QvdExtractor_x64_Source_COde\QReader.suo">
</Property><Property Name="Date" Value="Saturday, August 08, 2015">
</Property><Property Name="Time" Value="13:05 PM">
</Property></Properties><Event ErrorLevel="0" Project="" Source="QReader.sln" Description="File successfully backed up as C:\Users\TIMINDMAP\Desktop\QvdExtractor_x64_Source_COde\QvdExtractor_x64_Source_COde\Backup\QReader.sln">
</Event><Event ErrorLevel="0" Project="" Source="QReader.suo" Description="File successfully backed up as C:\Users\TIMINDMAP\Desktop\QvdExtractor_x64_Source_COde\QvdExtractor_x64_Source_COde\Backup\QReader.suo">
</Event><Event ErrorLevel="0" Project="QReader" Source="QReader.csproj" Description="Project file successfully backed up as C:\Users\TIMINDMAP\Desktop\QvdExtractor_x64_Source_COde\QvdExtractor_x64_Source_COde\Backup\QReader.csproj">
</Event><Event ErrorLevel="0" Project="QReader" Source="QReader.csproj.user" Description="Project user file successfully backed up as C:\Users\TIMINDMAP\Desktop\QvdExtractor_x64_Source_COde\QvdExtractor_x64_Source_COde\Backup\QReader.csproj.user">
</Event><Event ErrorLevel="0" Project="QReader" Source="Form1.cs" Description="File successfully backed up as C:\Users\TIMINDMAP\Desktop\QvdExtractor_x64_Source_COde\QvdExtractor_x64_Source_COde\Backup\Form1.cs">
</Event><Event ErrorLevel="0" Project="QReader" Source="Form1.Designer.cs" Description="File successfully backed up as C:\Users\TIMINDMAP\Desktop\QvdExtractor_x64_Source_COde\QvdExtractor_x64_Source_COde\Backup\Form1.Designer.cs">
</Event><Event ErrorLevel="0" Project="QReader" Source="Program.cs" Description="File successfully backed up as C:\Users\TIMINDMAP\Desktop\QvdExtractor_x64_Source_COde\QvdExtractor_x64_Source_COde\Backup\Program.cs">
</Event><Event ErrorLevel="0" Project="QReader" Source="Properties\AssemblyInfo.cs" Description="File successfully backed up as C:\Users\TIMINDMAP\Desktop\QvdExtractor_x64_Source_COde\QvdExtractor_x64_Source_COde\Backup\Properties\AssemblyInfo.cs">
</Event><Event ErrorLevel="0" Project="QReader" Source="QvdMetaInfos.cs" Description="File successfully backed up as C:\Users\TIMINDMAP\Desktop\QvdExtractor_x64_Source_COde\QvdExtractor_x64_Source_COde\Backup\QvdMetaInfos.cs">
</Event><Event ErrorLevel="0" Project="QReader" Source="App.config" Description="File successfully backed up as C:\Users\TIMINDMAP\Desktop\QvdExtractor_x64_Source_COde\QvdExtractor_x64_Source_COde\Backup\App.config">
</Event><Event ErrorLevel="0" Project="QReader" Source="Form1.resx" Description="File successfully backed up as C:\Users\TIMINDMAP\Desktop\QvdExtractor_x64_Source_COde\QvdExtractor_x64_Source_COde\Backup\Form1.resx">
</Event><Event ErrorLevel="1" Project="QReader" Source="QReader.csproj" Description="Your project is targeting .NET Framework 2.0 or 3.0. If your project uses assemblies requiring a newer .NET Framework, your project will fail to build. You can change the .NET Framework version by clicking Properties on the project menu and then selecting a new version in the '.NET Framework' dropdown box. (In Visual Basic, this is located on the Compile tab by clicking the 'Advanced Compiler Options...' button.)">
</Event><Event ErrorLevel="0" Project="QReader" Source="QReader.csproj" Description="Project converted successfully">
</Event><Event ErrorLevel="3" Project="QReader" Source="QReader.csproj" Description="Converted">
</Event><Event ErrorLevel="0" Project="" Source="QReader.sln" Description="Solution converted successfully">
</Event><Event ErrorLevel="3" Project="" Source="QReader.sln" Description="Converted">
</Event><Event ErrorLevel="0" Project="QReader" Source="QReader.csproj" Description="Scan complete: Upgrade not required for project files.">
</Event></UpgradeLog>